<Page xmlns="http://schemas.nativescript.org/tns.xsd" navigatingTo="navigatingTo">
    <ActionBar title="FitYouth" icon="" />
    
    <TabView selectedTabTextColor="#00b894">
        <TabViewItem title="Dashboard">
            <StackLayout class="p-4">
                <Label text="{{ username }}" class="text-2xl font-bold mb-4" />
                
                <!-- Progress Cards -->
                <GridLayout rows="auto, auto" columns="*, *" class="mb-4">
                    <!-- Steps Card -->
                    <StackLayout row="0" col="0" class="m-2 p-4 bg-white rounded-lg shadow">
                        <Label text="Steps" class="text-gray-600" />
                        <Label text="{{ steps }}" class="text-2xl font-bold" />
                        <Progress value="{{ stepsProgress }}" maxValue="100" class="m-t-2" />
                    </StackLayout>
                    
                    <!-- Active Minutes Card -->
                    <StackLayout row="0" col="1" class="m-2 p-4 bg-white rounded-lg shadow">
                        <Label text="Active Minutes" class="text-gray-600" />
                        <Label text="{{ activeMinutes }}" class="text-2xl font-bold" />
                        <Progress value="{{ activeMinutesProgress }}" maxValue="100" class="m-t-2" />
                    </StackLayout>
                </GridLayout>

                <!-- Start Workout Button -->
                <Button text="Start Workout" tap="{{ startWorkout }}" class="bg-green-500 text-white font-bold py-4 rounded-lg" />
                
                <!-- Achievement Section -->
                <Label text="Recent Achievements" class="text-xl font-bold mt-4 mb-2" />
                <ListView items="{{ achievements }}" class="list-group">
                    <ListView.itemTemplate>
                        <StackLayout class="list-group-item">
                            <Label text="{{ title }}" class="font-bold" />
                            <Label text="{{ description }}" class="text-gray-600" />
                        </StackLayout>
                    </ListView.itemTemplate>
                </ListView>
            </StackLayout>
        </TabViewItem>

        <TabViewItem title="Social">
            <StackLayout class="p-4">
                <Label text="Friends Activity" class="text-xl font-bold mb-4" />
                <ListView items="{{ friendsActivity }}" class="list-group">
                    <ListView.itemTemplate>
                        <GridLayout columns="auto, *, auto" class="list-group-item p-2">
                            <Image col="0" src="{{ profileImage }}" class="w-12 h-12 rounded-full" />
                            <StackLayout col="1" class="ml-2">
                                <Label text="{{ username }}" class="font-bold" />
                                <Label text="{{ activity }}" class="text-gray-600" />
                            </StackLayout>
                            <Label col="2" text="{{ timeAgo }}" class="text-gray-500" />
                        </GridLayout>
                    </ListView.itemTemplate>
                </ListView>
            </StackLayout>
        </TabViewItem>
    </TabView>
</Page>